"Reporting starts","Reporting ends","Ad name","Ad delivery",Results,"Result indicator","Cost per results","Ad set budget","Ad set budget type","Amount spent (AED)",Impressions,Reach,Frequency,"CPM (cost per 1,000 impressions) (AED)","Link clicks",Ends,"Attribution setting",Bid,"Bid type","Last significant edit","Quality ranking","Engagement rate ranking","Conversion rate ranking","Ad set name"
2025-10-25,2026-07-02,"New Engagement ad",not_delivering,4,actions:onsite_conversion.messaging_conversation_started_7d,14.5425,38,Daily,58.17,825,717,1.150628,70.509091,3,Ongoing,"7-day click or 1-day view",0,ABSOLUTE_OCPM,2026-01-10T18:37:42+0400,-,-,-,"OFFER - NEW"
2025-10-25,2026-07-02,"V01 Long Form",not_delivering,1,actions:leadgen.other,144.64,91,Daily,144.64,2764,2135,1.294614,52.329957,17,Ongoing,"7-day click or 1-day view",0,ABSOLUTE_OCPM,2026-01-28T17:35:25+0400,-,-,-,"AD01 Long Form"
2025-10-25,2026-07-02,"Defender Ad1",not_delivering,9,actions:leadgen.other,35.09777778,100,Daily,315.88,4516,3345,1.350075,69.946856,29,Ongoing,"7-day click or 1-day view",0,ABSOLUTE_OCPM,2026-05-13T12:27:31+0400,-,-,-,"Defender PPF Ad"
2025-10-25,2026-07-02,"Defender Ad2",inactive,4,actions:leadgen.other,100.5075,100,Daily,402.03,4512,3207,1.406922,89.102394,28,Ongoing,"7-day click or 1-day view",0,ABSOLUTE_OCPM,2026-05-13T12:27:31+0400,-,-,-,"Defender PPF Ad"
2025-10-25,2026-07-02,"Defender Ad3",not_delivering,39,actions:leadgen.other,46.21923077,100,Daily,1802.55,24534,14868,1.650121,73.471509,161,Ongoing,"7-day click or 1-day view",0,ABSOLUTE_OCPM,2026-05-13T12:27:31+0400,-,-,-,"Defender PPF Ad"
2025-10-25,2026-07-02,"Defender Ad4",not_delivering,2,actions:leadgen.other,50.655,100,Daily,101.31,1335,971,1.374871,75.88764,10,Ongoing,"7-day click or 1-day view",0,ABSOLUTE_OCPM,2026-05-13T12:27:31+0400,-,-,-,"Defender PPF Ad"
2025-10-25,2026-07-02,"Patrol Ad01",not_delivering,53,actions:leadgen.other,44.86056604,150,Daily,2377.61,42574,18387,2.31544,55.846526,197,Ongoing,"7-day click or 1-day view",0,ABSOLUTE_OCPM,2026-03-12T09:39:45+0400,-,-,-,"Patrol Ad - Qauli"
2025-10-25,2026-07-02,"ROX01 Ad01 - Copy",inactive,19,actions:leadgen.other,45.68526316,150,Daily,868.02,15596,7806,1.99795,55.656579,70,Ongoing,"7-day click or 1-day view",0,ABSOLUTE_OCPM,2026-03-16T13:27:54+0400,-,-,-,"G700 Ads - Qauli Form"
2025-10-25,2026-07-02,"Rolls (1)",inactive,3,actions:leadgen.other,47.49333333,150,Daily,142.48,1711,1164,1.469931,83.27294,16,Ongoing,"7-day click or 1-day view",0,ABSOLUTE_OCPM,2026-03-16T13:27:54+0400,-,-,-,"G700 Ads - Qauli Form"
2025-10-25,2026-07-02,"Rolls (1)",inactive,4,actions:leadgen.other,93.245,50,Daily,372.98,4760,2932,1.623465,78.357143,57,Ongoing,"7-day click or 1-day view",0,ABSOLUTE_OCPM,0,-,-,-,"911 Premium Ads"
2025-10-25,2026-07-02,"911 1",not_delivering,36,actions:leadgen.other,51.87916667,50,Daily,1867.65,22085,11244,1.964159,84.566448,183,Ongoing,"7-day click or 1-day view",0,ABSOLUTE_OCPM,0,-,-,-,"911 Premium Ads"
2025-10-25,2026-07-02,"911 2",inactive,2,actions:leadgen.other,37.835,50,Daily,75.67,924,741,1.246964,81.893939,11,Ongoing,"7-day click or 1-day view",0,ABSOLUTE_OCPM,0,-,-,-,"911 Premium Ads"
2025-10-25,2026-07-02,"911 orig",inactive,2,actions:leadgen.other,76.675,50,Daily,153.35,1430,820,1.743902,107.237762,15,Ongoing,"7-day click or 1-day view",0,ABSOLUTE_OCPM,0,-,-,-,"911 Premium Ads"
2025-10-25,2026-07-02,"Patrol Matte Vs Gloss",inactive,2,actions:leadgen.other,69.705,50,Daily,139.41,3086,2133,1.446789,45.174984,23,Ongoing,"7-day click or 1-day view",0,ABSOLUTE_OCPM,0,-,-,-,"911 Premium Ads"
2025-10-25,2026-07-02,Ad01,not_delivering,3,actions:leadgen.other,98.49333333,100,Daily,295.48,6140,4052,1.515301,48.123779,40,Ongoing,"7-day click or 1-day view",0,ABSOLUTE_OCPM,0,Average,-,-,"Colour PPF June"
2025-10-25,2026-07-02,Ad02,not_delivering,,,,100,Daily,28.81,645,512,1.259766,44.666667,7,Ongoing,"7-day click or 1-day view",0,ABSOLUTE_OCPM,0,Average,-,-,"Colour PPF June"
2025-10-25,2026-07-02,Ad03,not_delivering,,,,100,Daily,24.86,418,340,1.229412,59.473684,2,Ongoing,"7-day click or 1-day view",0,ABSOLUTE_OCPM,0,-,-,-,"Colour PPF June"
2025-10-25,2026-07-02,"New Leads Ad",not_delivering,28,actions:offsite_conversion.fb_pixel_lead,40.6225,"Using campaign budget",0,1137.43,24153,13791,1.75136,47.092701,565,Ongoing,"7-day click, 1-day view, or 1-day engaged-view",0,ABSOLUTE_OCPM,2026-06-23T09:47:31+0400,"Below average - Bottom 35% of ads","Above average","Above average","test 1"
2025-10-25,2026-07-02,"New Leads Ad",not_delivering,1,actions:offsite_conversion.fb_pixel_lead,156.65,"Using campaign budget",0,156.65,3137,2055,1.526521,49.936245,43,Ongoing,"7-day click, 1-day view, or 1-day engaged-view",0,ABSOLUTE_OCPM,0,"Below average - Bottom 35% of ads","Above average","Above average","test 2"
2025-10-25,2026-07-02,"New Leads Ad",active,2,actions:offsite_conversion.fb_pixel_lead,53.12,"Using campaign budget",0,106.24,1933,1541,1.25438,54.9612,18,Ongoing,"7-day click, 1-day view, or 1-day engaged-view",0,ABSOLUTE_OCPM,0,Average,Average,"Above average","test 1"
2025-10-25,2026-07-02,"Audi (1)",active,,,,60,Daily,2.28,82,77,1.064935,27.804878,1,Ongoing,"7-day click or 1-day view",0,ABSOLUTE_OCPM,2026-07-02T12:10:52+0400,-,-,-,"Paint Shop"
2025-10-25,2026-07-02,"Audi (4)",active,,,,40,Daily,0.16,6,5,1.2,26.666667,,Ongoing,"7-day click or 1-day view",0,ABSOLUTE_OCPM,0,-,-,-,"General Garage Offering"
2025-10-25,2026-07-02,"Audi (2)",active,,,,60,Daily,0.93,31,30,1.033333,30,,Ongoing,"7-day click or 1-day view",0,ABSOLUTE_OCPM,2026-07-02T12:10:52+0400,-,-,-,"Paint Shop"
2025-10-25,2026-07-02,"Audi (3)",active,,,,60,Daily,0.08,4,4,1,20,,Ongoing,"7-day click or 1-day view",0,ABSOLUTE_OCPM,2026-07-02T12:10:52+0400,-,-,-,"Paint Shop"
2025-10-25,2026-07-02,"Audi (5)",active,,,,40,Daily,0.15,5,4,1.25,30,,Ongoing,"7-day click or 1-day view",0,ABSOLUTE_OCPM,0,-,-,-,"General Garage Offering"
2025-10-25,2026-07-02,"Hubabe - Prado Video",not_delivering,10,actions:leadgen.other,68.372,100,Daily,683.72,6716,4353,1.542844,101.804646,53,Ongoing,"7-day click or 1-day view",0,ABSOLUTE_OCPM,2026-02-06T16:11:15+0400,-,-,-,"Sean Offerings - 20% off PPF"
2025-10-25,2026-07-02,"Hubabe - Short Version",not_delivering,3,actions:leadgen.other,66.44,100,Daily,199.32,2436,1677,1.452594,81.82266,14,Ongoing,"7-day click or 1-day view",0,ABSOLUTE_OCPM,2026-02-06T16:11:15+0400,-,-,-,"Sean Offerings - 20% off PPF"
2025-10-25,2026-07-02,"Wrap - Sean",not_delivering,4754,video_thruplay_watched_actions,0.01290072,30,Daily,61.33,17869,17659,1.011892,3.432201,6,Ongoing,"7-day click or 1-day view",0,ABSOLUTE_OCPM,2026-02-06T16:23:29+0400,-,-,-,"Wrap - Engagement"
2025-10-25,2026-07-02,"Prado Edit - Engagement",not_delivering,3059,video_thruplay_watched_actions,0.01955541,30,Daily,59.82,21427,15374,1.393717,2.791805,12,Ongoing,"7-day click or 1-day view",0,ABSOLUTE_OCPM,0,-,-,-,"PPF PRADO - Engagement"
2025-10-25,2026-07-02,"SLOW X3/7 PPF",not_delivering,,,,100,Daily,19.15,292,239,1.221757,65.582192,2,Ongoing,"7-day click or 1-day view",0,ABSOLUTE_OCPM,2026-02-06T16:11:15+0400,-,-,-,"Sean Offerings - 20% off PPF"
2025-10-25,2026-07-02,"Retargeting X7 Ad",not_delivering,1,actions:leadgen.other,153.51,75,Daily,153.51,1817,1470,1.236054,84.485416,8,Ongoing,"7-day click or 1-day view",0,ABSOLUTE_OCPM,2026-02-08T17:56:29+0400,-,-,-,"New Leads Ad Set"
2025-10-25,2026-07-02,"SLOW X3/7 PPF",not_delivering,,,,100,Daily,114.2,1712,1499,1.142095,66.705607,12,Ongoing,"7-day click or 1-day view",0,ABSOLUTE_OCPM,2026-02-08T17:59:43+0400,-,-,-,"X3/7 Chill"
2025-10-25,2026-07-02,"Ceramic Ad",inactive,,,,60,Daily,66.1,1076,969,1.110423,61.431227,7,Ongoing,"7-day click or 1-day view",0,ABSOLUTE_OCPM,2026-02-11T09:14:10+0400,-,-,-,"Ceramic Coating"
2025-10-25,2026-07-02,"General Offerings - GTS1",not_delivering,1,actions:onsite_conversion.messaging_conversation_started_7d,12.73,20,Daily,12.73,259,229,1.131004,49.150579,2,Ongoing,"7-day click or 1-day view",0,ABSOLUTE_OCPM,0,-,-,-,"General Offerings - Sean"
2025-10-25,2026-07-02,"General Offerings - GTS3",not_delivering,1,actions:onsite_conversion.messaging_conversation_started_7d,34.16,20,Daily,34.16,589,502,1.173307,57.996604,3,Ongoing,"7-day click or 1-day view",0,ABSOLUTE_OCPM,0,-,-,-,"General Offerings - Sean"
2025-10-25,2026-07-02,"Ceramic - GTS4",not_delivering,50,actions:onsite_conversion.messaging_conversation_started_7d,13.5802,40,Daily,679.01,17458,8865,1.969318,38.893917,81,Ongoing,"7-day click or 1-day view",0,ABSOLUTE_OCPM,0,-,-,-,"Ceramic Coating Sean"
2025-10-25,2026-07-02,"Ceramic - GTS11",not_delivering,7,actions:onsite_conversion.messaging_conversation_started_7d,14.56571429,40,Daily,101.96,1937,1168,1.65839,52.6381,11,Ongoing,"7-day click or 1-day view",0,ABSOLUTE_OCPM,0,-,-,-,"Ceramic Coating Sean"
2025-10-25,2026-07-02,"Ceramic - GTS5",not_delivering,2,actions:onsite_conversion.messaging_conversation_started_7d,20.67,40,Daily,41.34,633,492,1.286585,65.308057,2,Ongoing,"7-day click or 1-day view",0,ABSOLUTE_OCPM,0,-,-,-,"Ceramic Coating Sean"
2025-10-25,2026-07-02,Def01,not_delivering,8,actions:onsite_conversion.messaging_conversation_started_7d,24.14625,60,Daily,193.17,1636,979,1.671093,118.074572,8,Ongoing,"7-day click or 1-day view",0,ABSOLUTE_OCPM,2026-02-12T00:15:25+0400,-,-,-,"PPF -- Sean"
2025-10-25,2026-07-02,Def02,inactive,,,,60,Daily,20.02,240,201,1.19403,83.416667,,Ongoing,"7-day click or 1-day view",0,ABSOLUTE_OCPM,2026-02-12T00:15:25+0400,-,-,-,"PPF -- Sean"
2025-10-25,2026-07-02,Def03,not_delivering,7,actions:onsite_conversion.messaging_conversation_started_7d,22.72714286,60,Daily,159.09,2145,1398,1.534335,74.167832,13,Ongoing,"7-day click or 1-day view",0,ABSOLUTE_OCPM,2026-02-12T00:15:25+0400,-,-,-,"PPF -- Sean"
2025-10-25,2026-07-02,Def04,inactive,,,,60,Daily,8.72,245,210,1.166667,35.591837,,Ongoing,"7-day click or 1-day view",0,ABSOLUTE_OCPM,2026-02-12T00:15:25+0400,-,-,-,"PPF -- Sean"
2025-10-25,2026-07-02,"Sean Ramadan",not_delivering,9,actions:onsite_conversion.messaging_conversation_started_7d,21.53111111,60,Daily,193.78,3562,2380,1.496639,54.402021,16,Ongoing,"7-day click or 1-day view",0,ABSOLUTE_OCPM,0,-,-,-,"Ceramic Ramadan"
2025-10-25,2026-07-02,"Hamza Ramadan",inactive,,,,60,Daily,21.99,177,139,1.273381,124.237288,,Ongoing,"7-day click or 1-day view",0,ABSOLUTE_OCPM,0,-,-,-,"Ceramic Ramadan"
2025-10-25,2026-07-02,"Jetour Ad01",inactive,125,actions:leadgen.other,15.24192,50,Daily,1905.24,73766,40529,1.820079,25.828159,496,Ongoing,"7-day click or 1-day view",0,ABSOLUTE_OCPM,0,-,-,-,"G700 Ads"
2025-10-25,2026-07-02,"Jetour Ad03",inactive,3,actions:leadgen.other,42.69333333,50,Daily,128.08,2029,1320,1.537121,63.124692,14,Ongoing,"7-day click or 1-day view",0,ABSOLUTE_OCPM,0,-,-,-,"G700 Ads"
2025-10-25,2026-07-02,"Jetour Ad02",inactive,17,actions:leadgen.other,34.06764706,50,Daily,579.15,12625,6662,1.895077,45.873267,103,Ongoing,"7-day click or 1-day view",0,ABSOLUTE_OCPM,0,-,-,-,"G700 Ads"
2025-10-25,2026-07-02,"Jetour Ad01",active,565,actions:leadgen.other,37.94759292,150,Daily,21440.39,529198,150852,3.508061,40.514873,3453,Ongoing,"7-day click or 1-day view",0,ABSOLUTE_OCPM,0,-,-,-,"G700 Ads - Qauli Form"
2025-10-25,2026-07-02,"Jetour Blackout",inactive,1,actions:leadgen.other,124.61,50,Daily,124.61,2512,1360,1.847059,49.605892,35,Ongoing,"7-day click or 1-day view",0,ABSOLUTE_OCPM,0,-,-,-,"G700 Ads"
2025-10-25,2026-07-02,"Jetour Blue",inactive,19,actions:leadgen.other,45.45526316,50,Daily,863.65,22051,8350,2.640838,39.166024,212,Ongoing,"7-day click or 1-day view",0,ABSOLUTE_OCPM,0,-,-,-,"G700 Ads"
2025-10-25,2026-07-02,"GTS Offers – 02",not_delivering,3,actions:onsite_conversion.messaging_conversation_started_7d,10.9,27,Daily,32.7,582,415,1.40241,56.185567,4,Ongoing,"7-day click or 1-day view",0,ABSOLUTE_OCPM,2025-11-30T12:39:03+0400,-,-,-,"general offerings"
2025-10-25,2026-07-02,Detail,not_delivering,9,actions:onsite_conversion.messaging_conversation_started_7d,17.19777778,22,Daily,154.78,7333,5342,1.372707,21.107323,17,Ongoing,"7-day click or 1-day view",0,ABSOLUTE_OCPM,2025-11-30T12:39:03+0400,-,-,-,Deatiling
2025-10-25,2026-07-02,"GTS Offers – 03",not_delivering,6,actions:onsite_conversion.messaging_conversation_started_7d,13.44666667,27,Daily,80.68,1588,1143,1.389326,50.806045,11,Ongoing,"7-day click or 1-day view",0,ABSOLUTE_OCPM,2025-11-30T12:39:03+0400,-,-,-,"general offerings"
2025-10-25,2026-07-02,"GTS Offers",not_delivering,6,actions:onsite_conversion.messaging_conversation_started_7d,13.095,27,Daily,78.57,1775,1234,1.438412,44.264789,9,Ongoing,"7-day click or 1-day view",0,ABSOLUTE_OCPM,2025-11-30T12:39:03+0400,-,-,-,"general offerings"
2025-10-25,2026-07-02,"Ceramic coating 02",not_delivering,4,actions:onsite_conversion.messaging_conversation_started_7d,30.42,27,Daily,121.68,2753,2288,1.203234,44.199056,5,Ongoing,"7-day click or 1-day view",0,ABSOLUTE_OCPM,2025-11-27T22:13:49+0400,-,-,-,Ceramic
2025-10-25,2026-07-02,"Ceramic coating",inactive,,,,27,Daily,18.43,224,183,1.224044,82.276786,1,Ongoing,"7-day click or 1-day view",0,ABSOLUTE_OCPM,2025-11-27T22:13:49+0400,-,-,-,Ceramic
2025-10-25,2026-07-02,"Ceramic coating 03",not_delivering,4,actions:onsite_conversion.messaging_conversation_started_7d,12.4925,27,Daily,49.97,1292,1044,1.237548,38.676471,6,Ongoing,"7-day click or 1-day view",0,ABSOLUTE_OCPM,2025-11-27T22:13:49+0400,-,-,-,Ceramic
2025-10-25,2026-07-02,"New Leads ad",not_delivering,1,actions:leadgen.other,267.03,30,Daily,267.03,2499,1857,1.345719,106.854742,10,Ongoing,"7-day click or 1-day view",0,ABSOLUTE_OCPM,2025-12-12T13:26:21+0400,-,-,-,PPF
2025-10-25,2026-07-02,"New Leads ad",not_delivering,2,actions:leadgen.other,98.67,20,Daily,197.34,2496,2009,1.242409,79.0625,20,Ongoing,"7-day click or 1-day view",0,ABSOLUTE_OCPM,2025-12-12T13:26:52+0400,-,-,-,"PPF & wrap"
2025-10-25,2026-07-02,"New Leads ad",not_delivering,16,actions:leadgen.other,36.568125,30,Daily,585.09,10203,7340,1.390055,57.344899,40,Ongoing,"7-day click or 1-day view",0,ABSOLUTE_OCPM,2025-12-19T00:17:46+0400,-,-,-,wrap
2025-10-25,2026-07-02,"New Leads ad",not_delivering,18,actions:leadgen.other,57.17055556,40,Daily,1029.07,15327,10532,1.455279,67.140993,60,Ongoing,"7-day click or 1-day view",0,ABSOLUTE_OCPM,2025-12-24T15:33:34+0400,-,-,-,"20% off"
2025-10-25,2026-07-02,"New Leads ad",not_delivering,20,actions:leadgen.other,39.295,40,Daily,785.9,14425,10091,1.429492,54.481802,72,Ongoing,"7-day click or 1-day view",0,ABSOLUTE_OCPM,2025-12-18T17:41:35+0400,-,-,-,Ceramic
2025-10-25,2026-07-02,"New Leads ad",not_delivering,9,actions:leadgen.other,87.79,40,Daily,790.11,14433,10940,1.319287,54.743297,57,Ongoing,"7-day click or 1-day view",0,ABSOLUTE_OCPM,2025-12-18T17:41:29+0400,-,-,-,"General offerings"
2025-10-25,2026-07-02,"wrap 02",not_delivering,6,actions:leadgen.other,44.20333333,30,Daily,265.22,4786,4222,1.133586,55.415796,17,Ongoing,"7-day click or 1-day view",0,ABSOLUTE_OCPM,2025-12-19T00:17:46+0400,-,-,-,wrap
2025-10-25,2026-07-02,"New Leads ad",not_delivering,,,,37,Daily,60.63,1306,1216,1.074013,46.424196,7,Ongoing,"7-day click or 1-day view",0,ABSOLUTE_OCPM,2026-01-10T23:11:40+0400,-,-,-,PPF
2025-10-25,2026-07-02,"New Leads ad",not_delivering,4,actions:leadgen.other,81.5925,52.6,Daily,326.37,3259,2597,1.25491,100.144216,13,Ongoing,"7-day click or 1-day view",0,ABSOLUTE_OCPM,2026-01-12T15:42:02+0400,-,-,-,"OFFER - NEW"
2025-10-25,2026-07-02,"New Engagement ad",not_delivering,,,,37,Daily,48.26,1113,988,1.126518,43.360288,1,Ongoing,"7-day click or 1-day view",0,ABSOLUTE_OCPM,2026-01-10T18:37:34+0400,-,-,-,PPF
2025-10-25,2026-07-02,"20% of PPF - SEAN",inactive,24,actions:leadgen.other,58.88916667,100,Daily,1413.34,13071,7339,1.781033,108.127917,98,Ongoing,"7-day click or 1-day view",0,ABSOLUTE_OCPM,2026-02-06T16:11:15+0400,-,-,-,"Sean Offerings - 20% off PPF"
2025-10-25,2026-07-02,"New Leads ad",not_delivering,62,actions:leadgen.other,30.27241935,75,Daily,1876.89,37402,24700,1.514251,50.181541,173,Ongoing,"7-day click or 1-day view",0,ABSOLUTE_OCPM,2026-01-12T15:44:42+0400,-,-,-,Ceramic
2025-10-25,2026-07-02,"New Leads ad",not_delivering,2,actions:leadgen.other,101.875,78,Daily,203.75,4414,3498,1.261864,46.159946,20,Ongoing,"7-day click or 1-day view",0,ABSOLUTE_OCPM,2026-01-14T15:46:06+0400,-,-,-,"WRAP NEW"
2025-10-25,2026-07-02,"Wrap - Sean",not_delivering,13,actions:leadgen.other,23.88230769,100,Daily,310.47,6301,5031,1.252435,49.273131,32,Ongoing,"7-day click or 1-day view",0,ABSOLUTE_OCPM,2026-02-04T10:38:43+0400,-,-,-,"Sean Offerings - WRAP"
2025-10-25,2026-07-02,"Fast PPF 2801",not_delivering,5,actions:leadgen.other,76.726,100,Daily,383.63,5885,4216,1.395873,65.187766,36,Ongoing,"7-day click or 1-day view",0,ABSOLUTE_OCPM,2026-01-30T11:41:48+0400,-,-,-,"Sean Offerings - Fast PPF 1"
2025-10-25,2026-07-02,"Colour PPF - Sean",not_delivering,54,actions:leadgen.other,29.99037037,50,Daily,1619.48,17911,10686,1.676118,90.418179,133,Ongoing,"7-day click or 1-day view",0,ABSOLUTE_OCPM,2026-01-29T09:42:02+0400,-,-,-,"Sean Offerings - Colour PPF"
2025-10-25,2026-07-02,"Ali - PPF",not_delivering,2,actions:leadgen.other,85.445,100,Daily,170.89,3166,2192,1.444343,53.976627,16,Ongoing,"7-day click or 1-day view",0,ABSOLUTE_OCPM,2026-05-13T12:28:00+0400,-,-,-,"Ali - PPF Video"
2025-10-25,2026-07-02,"Colour PPF - One Take",inactive,10,actions:leadgen.other,49.383,50,Daily,493.83,6757,4613,1.464773,73.084209,34,Ongoing,"7-day click or 1-day view",0,ABSOLUTE_OCPM,2026-01-29T09:42:02+0400,-,-,-,"Sean Offerings - Colour PPF"
2025-10-25,2026-07-02,"Wrap Targeted Carousel cards ad 25/10/2025",not_delivering,,,,"Using campaign budget",0,53.29,1191,983,1.211597,44.743913,5,Ongoing,"7-day click or 1-day view",0,ABSOLUTE_OCPM,2025-10-25T18:02:10+0400,-,-,-,"wraps targeted Leads ad set 25/10/2025"
2025-10-25,2026-07-02,"Wrap open Carousel cards ad 25/10/2025",not_delivering,2,actions:onsite_conversion.messaging_conversation_started_7d,54.215,"Using campaign budget",0,108.43,2418,1871,1.292357,44.842845,6,Ongoing,"7-day click or 1-day view",0,ABSOLUTE_OCPM,2025-10-25T18:02:11+0400,-,-,-,"wraps open Leads ad set 25/10/2025"
2025-10-25,2026-07-02,"PPF open WA Leads ad 25/10/2025",not_delivering,9,actions:onsite_conversion.messaging_conversation_started_7d,30.97,"Using campaign budget",0,278.73,6063,4771,1.270803,45.972291,32,Ongoing,"7-day click or 1-day view",0,ABSOLUTE_OCPM,2025-10-27T17:57:07+0400,-,-,-,"PPF Open WA Leads ad set 25/10/2025"
2025-10-25,2026-07-02,"PPF Interest WA Leads ad 25/10/2025",not_delivering,1,actions:onsite_conversion.messaging_conversation_started_7d,120.59,"Using campaign budget",0,120.59,2541,2199,1.155525,47.457694,16,Ongoing,"7-day click or 1-day view",0,ABSOLUTE_OCPM,2025-10-27T17:57:07+0400,-,-,-,"PPF Interest WA Leads ad set 25/10/2025"
2025-10-25,2026-07-02,"PPF Leads ad 28/10/2025",not_delivering,,,,150,Daily,70.24,2054,1742,1.179104,34.196689,10,Ongoing,"7-day click or 1-day view",0,ABSOLUTE_OCPM,2025-10-28T10:02:09+0400,-,-,-,"PPF Leads ad set 28/10/2025"
2025-10-25,2026-07-02,"website ppf Leads ad 29/10/2025",not_delivering,1,actions:offsite_conversion.fb_pixel_lead,321.19,200,Daily,321.19,47093,40422,1.165034,6.820334,128,Ongoing,"7-day click, 1-day view, or 1-day engaged-view",0,ABSOLUTE_OCPM,2025-10-29T10:47:53+0400,-,-,-,"open website ppf Leads ad set 29/10/2025"
2025-10-25,2026-07-02,"Video 1 website ppf Leads ad 30/10/2025",not_delivering,,,,200,Daily,114.66,4975,4593,1.08317,23.047236,37,Ongoing,"7-day click, 1-day view, or 1-day engaged-view",0,ABSOLUTE_OCPM,2025-10-29T10:47:53+0400,-,-,-,"open website ppf Leads ad set 29/10/2025"
2025-10-25,2026-07-02,"Video 2 website ppf Leads ad 30/10/2025",inactive,,,,200,Daily,189,2550,1956,1.303681,74.117647,19,Ongoing,"7-day click, 1-day view, or 1-day engaged-view",0,ABSOLUTE_OCPM,2025-10-29T10:47:53+0400,-,-,-,"open website ppf Leads ad set 29/10/2025"
2025-10-25,2026-07-02,"Video 3 website ppf Leads ad 30/10/2025",inactive,,,,200,Daily,81.21,1669,1507,1.107498,48.657879,11,Ongoing,"7-day click, 1-day view, or 1-day engaged-view",0,ABSOLUTE_OCPM,2025-10-29T10:47:53+0400,-,-,-,"open website ppf Leads ad set 29/10/2025"
2025-10-25,2026-07-02,"PPF Static Tailored leads campaign 01/11/2025 Ad",not_delivering,,,,200,Daily,147.43,15251,14014,1.088269,9.666907,21,Ongoing,"7-day click or 1-day view",0,ABSOLUTE_OCPM,2025-11-04T14:55:52+0400,-,-,-,"PPF Static Creative leads campaign 01/11/2025 Ad Set"
2025-10-25,2026-07-02,"250 colors",not_delivering,19,actions:onsite_conversion.messaging_conversation_started_7d,22.32263158,"Using campaign budget",0,424.13,7024,4635,1.515426,60.382973,29,Ongoing,"7-day click or 1-day view",0,ABSOLUTE_OCPM,2025-11-26T00:26:20+0400,-,-,-,wrapping
2025-10-25,2026-07-02,"GTS Offers",not_delivering,10,actions:onsite_conversion.messaging_conversation_started_7d,10.339,"Using campaign budget",0,103.39,1440,993,1.450151,71.798611,14,Ongoing,"7-day click or 1-day view",0,ABSOLUTE_OCPM,2025-11-27T22:37:21+0400,-,-,-,"general offerings"
2025-10-25,2026-07-02,"Ceramic coating",not_delivering,,,,"Using campaign budget",0,29.07,401,294,1.363946,72.493766,1,Ongoing,"7-day click or 1-day view",0,ABSOLUTE_OCPM,2025-11-26T00:26:24+0400,-,-,-,Ceramic
2025-10-25,2026-07-02,"Ceramic coating 02",not_delivering,16,actions:onsite_conversion.messaging_conversation_started_7d,25.50125,"Using campaign budget",0,408.02,9511,6685,1.422737,42.8998,24,Ongoing,"7-day click or 1-day view",0,ABSOLUTE_OCPM,2025-11-26T00:26:24+0400,-,-,-,Ceramic
2025-10-25,2026-07-02,Detail,not_delivering,29,actions:onsite_conversion.messaging_conversation_started_7d,16.20586207,"Using campaign budget",0,469.97,16126,11893,1.355924,29.143619,41,Ongoing,"7-day click or 1-day view",0,ABSOLUTE_OCPM,2025-11-26T00:26:21+0400,-,-,-,Deatiling
2025-10-25,2026-07-02,"GTS Offers – 02",not_delivering,,,,"Using campaign budget",0,30.75,443,326,1.358896,69.413093,3,Ongoing,"7-day click or 1-day view",0,ABSOLUTE_OCPM,2025-11-27T22:37:21+0400,-,-,-,"general offerings"
2025-10-25,2026-07-02,"wrap 01",not_delivering,1,actions:onsite_conversion.messaging_conversation_started_7d,42.04,"Using campaign budget",0,42.04,625,530,1.179245,67.264,2,Ongoing,"7-day click or 1-day view",0,ABSOLUTE_OCPM,2025-11-26T00:26:20+0400,-,-,-,wrapping
2025-10-25,2026-07-02,"PPF 01",not_delivering,1,actions:onsite_conversion.messaging_conversation_started_7d,27.12,"Using campaign budget",0,27.12,269,247,1.089069,100.817844,2,Ongoing,"7-day click or 1-day view",0,ABSOLUTE_OCPM,2025-11-27T22:37:12+0400,-,-,-,PPF
2025-10-25,2026-07-02,"wrap 02",not_delivering,2,actions:onsite_conversion.messaging_conversation_started_7d,24.065,"Using campaign budget",0,48.13,1259,1147,1.097646,38.228753,3,Ongoing,"7-day click or 1-day view",0,ABSOLUTE_OCPM,2025-11-26T00:26:20+0400,-,-,-,wrapping
2025-10-25,2026-07-02,"GTS Offers – 03",not_delivering,,,,"Using campaign budget",0,2.48,66,65,1.015385,37.575758,,Ongoing,"7-day click or 1-day view",0,ABSOLUTE_OCPM,2025-11-27T22:37:21+0400,-,-,-,"general offerings"
2025-10-25,2026-07-02,"wrap 01",inactive,1,actions:onsite_conversion.messaging_conversation_started_7d,41.42,27,Daily,41.42,695,571,1.217163,59.597122,1,Ongoing,"7-day click or 1-day view",0,ABSOLUTE_OCPM,2025-11-28T23:15:22+0400,-,-,-,wrapping
2025-10-25,2026-07-02,"PPF 01",not_delivering,10,actions:onsite_conversion.messaging_conversation_started_7d,19.716,27,Daily,197.16,2485,1673,1.485356,79.34004,16,Ongoing,"7-day click or 1-day view",0,ABSOLUTE_OCPM,2025-11-30T12:39:03+0400,-,-,-,PPF
2025-10-25,2026-07-02,"250 colors",not_delivering,3,actions:onsite_conversion.messaging_conversation_started_7d,43.4,27,Daily,130.2,1883,1452,1.296832,69.144981,4,Ongoing,"7-day click or 1-day view",0,ABSOLUTE_OCPM,2025-11-28T23:15:22+0400,-,-,-,wrapping
2025-10-25,2026-07-02,"wrap 02",inactive,1,actions:onsite_conversion.messaging_conversation_started_7d,20.49,27,Daily,20.49,349,306,1.140523,58.710602,1,Ongoing,"7-day click or 1-day view",0,ABSOLUTE_OCPM,2025-11-28T23:15:22+0400,-,-,-,wrapping
